"","beta","Z","dZ","Nt","U","N"
"1",0,4.00000000000004,0,32,2,50000
"2",1,7.41421125415745,0.0387911093920962,32,2,50000
"3",2,16.5512023589823,0.241362751808041,32,2,50000
"4",4,102.52847039652,6.11092420433175,32,2,50000
"5",6,815.794436327783,149.459559094294,32,2,50000
