"","tau","C","dC","Nt","U","N"
"1",0,0.516789705031561,0.0125759619860267,4,2,10000
"2",0.5,0.345641255636092,0.00740093217590371,4,2,10000
"3",1,0.313309598525535,0.00734687841859131,4,2,10000
"4",1.5,0.348683365545418,0.00755405824787566,4,2,10000
"5",0,-0.360097633942101,0.00691082122683504,4,2,10000
"6",0.5,-0.127276535651462,0.00424489120015575,4,2,10000
"7",1,0.0296157641469702,0.00334863188481265,4,2,10000
"8",1.5,0.174242908818511,0.00416805589468304,4,2,10000
