"","Nt","Z","dZ","N","beta","U"
"1",4,453.714080972803,10.1626250250831,50000,2,2
"2",8,676.328506013488,19.4911421867465,50000,2,2
"3",16,836.322804971159,18.7280201959175,50000,2,2
"4",32,957.812577066099,27.6059495317268,50000,2,2
"5",64,947.79517577491,21.1222573680617,50000,2,2
